<Profile Name="UserDefine">
	<Endpoint Name="Speakers" DataFlow="Out">
		<ApoEffect Name="SpeakerSetting">
			<Property Name="DefaultDeviceControl" Value="1" UIName="" ValueType="System.UInt32" Args="1" ArgsType="System.UInt32"/>
		</ApoEffect>
	</Endpoint>

	<Endpoint Name="Line" DataFlow="In">
		<ApoEffect Name="LineInVolume">
			<Property Name="DefaultDeviceControl" Value="1" UIName="" ValueType="System.UInt32" Args="1" ArgsType="System.UInt32"/>	
		</ApoEffect>
	</Endpoint>
</Profile>
